<?xml version="1.0" encoding="UTF-8"?>
<project xmlns="http://maven.apache.org/POM/4.0.0" xmlns:xsi="http://www.w3.org/2001/XMLSchema-instance" xsi:schemaLocation="http://maven.apache.org/POM/4.0.0 http://maven.apache.org/maven-v4_0_0.xsd">
  <modelVersion>4.0.0</modelVersion>
  <groupId>com.github.lwhite1</groupId>
  <artifactId>tablesaw</artifactId>
  <name>Tablesaw</name>
  <version>0.7.2-SNAPSHOT</version>
  <description>High-performance Java Dataframe with integrated columnar storage</description>
  <url>https://jtablesaw.wordpress.com</url>
  <developers>
    <developer>
      <name>Larry White</name>
      <email>ljw1001@gmail.com</email>
    </developer>
  </developers>
  <licenses>
    <license>
      <name>Apache License, Version 2.0</name>
      <url>http://www.apache.org/licenses/LICENSE-2.0.txt</url>
      <distribution>repo</distribution>
    </license>
  </licenses>
  <scm>
    <url>https://github.com/lwhite1/tablesaw</url>
  </scm>
  <build>
    <plugins>
      <plugin>
        <artifactId>maven-compiler-plugin</artifactId>
        <version>3.1</version>
        <configuration>
          <source>1.8</source>
          <target>1.8</target>
        </configuration>
      </plugin>
      <plugin>
        <groupId>org.antlr</groupId>
        <artifactId>antlr4-maven-plugin</artifactId>
        <version>4.5</version>
        <executions>
          <execution>
            <goals>
              <goal>antlr4</goal>
            </goals>
          </execution>
        </executions>
      </plugin>
      <plugin>
        <artifactId>maven-javadoc-plugin</artifactId>
        <version>2.10.4</version>
        <executions>
          <execution>
            <id>attach-javadocs</id>
            <goals>
              <goal>jar</goal>
            </goals>
          </execution>
        </executions>
      </plugin>
      <plugin>
        <artifactId>maven-source-plugin</artifactId>
        <version>2.2.1</version>
        <executions>
          <execution>
            <id>attach-sources</id>
            <goals>
              <goal>jar-no-fork</goal>
            </goals>
          </execution>
        </executions>
      </plugin>
      <plugin>
        <artifactId>maven-gpg-plugin</artifactId>
        <version>1.5</version>
        <executions>
          <execution>
            <id>sign-artifacts</id>
            <phase>verify</phase>
            <goals>
              <goal>sign</goal>
            </goals>
          </execution>
        </executions>
      </plugin>
      <plugin>
        <groupId>org.sonatype.plugins</groupId>
        <artifactId>nexus-staging-maven-plugin</artifactId>
        <version>1.6.3</version>
        <extensions>true</extensions>
        <configuration>
          <serverId>ossrh</serverId>
          <nexusUrl>https://oss.sonatype.org/</nexusUrl>
          <autoReleaseAfterClose>true</autoReleaseAfterClose>
        </configuration>
      </plugin>
      <plugin>
        <artifactId>maven-shade-plugin</artifactId>
        <version>2.3</version>
        <executions>
          <execution>
            <phase>package</phase>
            <goals>
              <goal>shade</goal>
            </goals>
          </execution>
        </executions>
      </plugin>
    </plugins>
  </build>
  <dependencies>
    <dependency>
      <groupId>com.github.jbellis</groupId>
      <artifactId>jamm</artifactId>
      <version>0.3.1</version>
      <scope>test</scope>
    </dependency>
    <dependency>
      <groupId>io.codearte.jfairy</groupId>
      <artifactId>jfairy</artifactId>
      <version>0.5.2</version>
      <scope>test</scope>
      <exclusions>
        <exclusion>
          <artifactId>snakeyaml</artifactId>
          <groupId>org.yaml</groupId>
        </exclusion>
        <exclusion>
          <artifactId>iban4j</artifactId>
          <groupId>org.iban4j</groupId>
        </exclusion>
        <exclusion>
          <artifactId>guice</artifactId>
          <groupId>com.google.inject</groupId>
        </exclusion>
        <exclusion>
          <artifactId>joda-time</artifactId>
          <groupId>joda-time</groupId>
        </exclusion>
        <exclusion>
          <artifactId>guice-assistedinject</artifactId>
          <groupId>com.google.inject.extensions</groupId>
        </exclusion>
        <exclusion>
          <artifactId>reflections</artifactId>
          <groupId>org.reflections</groupId>
        </exclusion>
      </exclusions>
    </dependency>
    <dependency>
      <groupId>junit</groupId>
      <artifactId>junit</artifactId>
      <version>4.12</version>
      <scope>test</scope>
      <exclusions>
        <exclusion>
          <artifactId>hamcrest-core</artifactId>
          <groupId>org.hamcrest</groupId>
        </exclusion>
      </exclusions>
    </dependency>
  </dependencies>
  <distributionManagement>
    <snapshotRepository>
      <id>ossrh</id>
      <url>https://oss.sonatype.org/content/repositories/snapshots</url>
    </snapshotRepository>
  </distributionManagement>
  <properties>
    <maven.javadoc.failOnError>false</maven.javadoc.failOnError>
    <project.build.sourceEncoding>UTF-8</project.build.sourceEncoding>
  </properties>
</project>

