<?xml version="1.0" encoding="UTF-8"?>
<beans xmlns="http://www.springframework.org/schema/beans"
       xmlns:xsi="http://www.w3.org/2001/XMLSchema-instance"
       xmlns:context="http://www.springframework.org/schema/context"
       xmlns:aop="http://www.springframework.org/schema/aop"
       xsi:schemaLocation="http://www.springframework.org/schema/beans
    http://www.springframework.org/schema/beans/spring-beans-3.0.xsd
    http://camel.apache.org/schema/spring
    http://camel.apache.org/schema/spring/camel-spring.xsd
    http://www.springframework.org/schema/context
    http://www.springframework.org/schema/context/spring-context-3.0.xsd
    http://www.springframework.org/schema/aop
    http://www.springframework.org/schema/aop/spring-aop-3.0.xsd
    ">
<!-- autoscan for spring components as well as autowiring
looks for
@Component - general spring component (usually use)
@Controller - spring mvc controller
@Repository - data repository
@Service
@Aspect - spring finds this AspectJ annotation.  I had to put in the include-filter to get this to work (wasn't in the book)

P. 79 spring in action mentions was that you don't have to annotate if you
define to automatically bring in all classes that inherit from another. An advantage
of this approach is that you can springify classes you don't own.

Note page 81 shows how you can more or less replace this xml file with java code
though that seems nonstandard to me.

-->

<aop:aspectj-autoproxy/>

<context:component-scan base-package="com.stevesouza">
    <context:include-filter type="annotation"  expression="org.aspectj.lang.annotation.Aspect"/>
</context:component-scan>

<!-- trace="true" enables log messages like the following:
2014-05-28 19:21:14 INFO  Tracer:96 - ID-Macintosh-c8bcc88febc6-local-50235-1401297671656-0-18 >>>
(FileCopyRouteBuilder) com.stevesouza.camel.MessagePeeker@26ccfa41 -> file:///Users/stevesouza/gitrepo/testproject/playground/src/main/resources/data/out  >>>
Pattern:InOnly, Headers:{CamelFileNameConsumed=wordcount.json, CamelFileName=wordcount.json, CamelFileLength=11173,
CamelFileLastModified=1389960314000, CamelFilePath=/Users/stevesouza/gitrepo/testproject/playground/src/main/resources/data/in/wordcount.json,
CamelFileAbsolutePath=/Users/stevesouza/gitrepo/testproject/playground/src/main/resources/data/in/wordcount.json,
myheader=my first header value, CamelFileAbsolute=true, CamelFileRelativePath=wordcount.json,
CamelFileParent=/Users/stevesouza/gitrepo/testproject/playground/src/main/resources/data/in,
breadcrumbId=ID-Macintosh-c8bcc88febc6-local-50235-1401297671656-0-17, CamelFileNameOnly=wordcount.json},
BodyType:org.apache.camel.component.file.GenericFile,
Body:[Body is file based: GenericFile[/Users/stevesouza/gitrepo/testproject/playground/src/main/resources/data/in/wordcount.json]]
-->

    <!--
    doesn't work
<bean id="camelContextNameStrategy" class="org.apache.camel.impl.DefaultCamelContextNameStrategy">
  <constructor-arg value="steves_camel_driver"/>
</bean>
-->
<bean id="camelJamonInterceptStrategy" class="com.stevesouza.camel.lifecycle.CamelJamonInterceptStrategy" />
<bean id="camelJamonEventNotifier" class="com.stevesouza.camel.lifecycle.CamelJamonEventNotifier"/>
<!-- could also add this attribute to the camelContext: trace="true" -->
<camelContext id="myCamelContext" xmlns="http://camel.apache.org/schema/spring" autoStartup="true" typeConverterStatisticsEnabled="true">
    <!-- autoStartup -->
    <contextScan/>
</camelContext>


 <!--
 This could instead be declared with @Component annotation
 -->
<bean id="hiSpringBean" class="com.stevesouza.spring.HelloSpringBean"/>

<!-- if i created my own version of jamonPerformanceMonitorInterceptor
I could use annotations (see com.stevesouza.spring.aop.MySpringAspect, and com.stevesouza.spring.aop.SpringMain
for examples of configuring aop this way.)
 -->

    <!--   <bean id="jamonMonitoringAspectInterceptor" class="org.springframework.aop.interceptor.JamonPerformanceMonitorInterceptor"> -->

    <!-- testing my spring contribution -->
    <bean id="jamonMonitoringAspectInterceptor" class="com.stevesouza.spring.contrib.JamonPerformanceMonitorInterceptor">
        <property name="trackAllInvocations" value="true"></property>
        <property name="trackExceptions" value="true"></property>
    </bean>

        <aop:config proxy-target-class="true">
                <aop:pointcut id="jamonMonitoringPointcut"
                    expression="execution(* com.stevesouza.spring.MyAutowiredClass.getSlowerMethod(..))"/>
                <aop:advisor pointcut-ref="jamonMonitoringPointcut" advice-ref="jamonMonitoringAspectInterceptor"/>
        </aop:config>

    </beans>

