<?xml version="1.0" encoding="UTF-8"?>
<!--
 Copyright (C) 2009 Progress Software, Inc. All rights reserved.
 http://fusesource.com
 
 Licensed under the Apache License, Version 2.0 (the "License");
 you may not use this file except in compliance with the License.
 You may obtain a copy of the License at
 
 http://www.apache.org/licenses/LICENSE-2.0
 
 Unless required by applicable law or agreed to in writing, software
 distributed under the License is distributed on an "AS IS" BASIS,
 WITHOUT WARRANTIES OR CONDITIONS OF ANY KIND, either express or implied.
 See the License for the specific language governing permissions and
 limitations under the License.
-->
<beans>
  <bean class="org.springframework.beans.factory.config.PropertyPlaceholderConfigurer"/>

  <broker useJmx="false" persistent="false" xmlns="http://activemq.apache.org/schema/core" populateJMSXUserID="true">

    <transportConnectors>
      <transportConnector name="stomp+ssl"   uri="stomp+ssl://localhost:61612"/>
    </transportConnectors>
    
    <sslContext>
        <sslContext keyStore="file:${activemq.base}/conf/broker.ks" 
              keyStorePassword="password" trustStore="file:${activemq.base}/conf/broker.ts" 
              trustStorePassword="password"/>
    </sslContext>
    
  </broker>

</beans>
