<?xml version="1.0" encoding="UTF-8"?>
<!--
  Licensed to the Apache Software Foundation (ASF) under one or more
  contributor license agreements.  See the NOTICE file distributed with
  this work for additional information regarding copyright ownership.
  The ASF licenses this file to You under the Apache License, Version 2.0
  (the "License"); you may not use this file except in compliance with
  the License.  You may obtain a copy of the License at
  
  http://www.apache.org/licenses/LICENSE-2.0
  
  Unless required by applicable law or agreed to in writing, software
  distributed under the License is distributed on an "AS IS" BASIS,
  WITHOUT WARRANTIES OR CONDITIONS OF ANY KIND, either express or implied.
  See the License for the specific language governing permissions and
  limitations under the License.
-->
<!--  
    Secure ActiveMQ broker
    For more information, see:
    
    http://activemq.apache.org/security.html
    
    To run ActiveMQ with this configuration add xbean:conf/activemq-security.xml to your command
    
    e.g. $ bin/activemq xbean:conf/activemq-security.xml
 -->
<beans
  xmlns="http://www.springframework.org/schema/beans"
  xmlns:amq="http://activemq.apache.org/schema/core"
  xmlns:xsi="http://www.w3.org/2001/XMLSchema-instance"
  xsi:schemaLocation="http://www.springframework.org/schema/beans http://www.springframework.org/schema/beans/spring-beans-2.0.xsd
  http://activemq.apache.org/schema/core http://activemq.apache.org/schema/core/activemq-core.xsd">
  
  <bean class="org.springframework.beans.factory.config.PropertyPlaceholderConfigurer">
      <property name="locations">
          <value>file:${activemq.base}/conf/credentials.properties</value>
      </property>      
  </bean>

  <broker useJmx="true" persistent="false" xmlns="http://activemq.apache.org/schema/core">

    <plugins>
        <!-- Configure authentication; Username, passwords and groups -->
        <simpleAuthenticationPlugin>
            <users>
                <authenticationUser username="system" password="manager"
                    groups="users,admins"/>
                <authenticationUser username="user" password="password"
                    groups="users"/>
                <authenticationUser username="guest" password="password" groups="guests"/>
            </users>
        </simpleAuthenticationPlugin>


      <!--  Lets configure a destination based authorization mechanism -->
      <authorizationPlugin>
        <map>
          <authorizationMap>
            <authorizationEntries>
              <authorizationEntry queue=">" read="admins" write="admins" admin="admins" />
              <authorizationEntry queue="USERS.>" read="users" write="users" admin="users" />
              <authorizationEntry queue="GUEST.>" read="guests" write="guests,users" admin="guests,users" />
              
              <authorizationEntry queue="TEST.Q" read="guests" write="guests" />
              
              <authorizationEntry topic=">" read="admins" write="admins" admin="admins" />
              <authorizationEntry topic="USERS.>" read="users" write="users" admin="users" />
              <authorizationEntry topic="GUEST.>" read="guests" write="guests,users" admin="guests,users" />
              
              <authorizationEntry topic="ActiveMQ.Advisory.>" read="guests,users" write="guests,users" admin="guests,users"/>
            </authorizationEntries>
          </authorizationMap>
        </map>
      </authorizationPlugin>
    </plugins>
    
    <transportConnectors>
       <transportConnector name="default" uri="stomp://0.0.0.0:61613"/>
    </transportConnectors>
    
  </broker>

</beans>
