<?xml version="1.0"?>

<!DOCTYPE suppressions PUBLIC
    "-//Puppy Crawl//DTD Suppressions 1.1//EN"
    "http://www.puppycrawl.com/dtds/suppressions_1_1.dtd">

<suppressions>
    <suppress checks="FileLength"
              files="TokenTypes.java"
              lines="1"/>

    <!-- There is no other way to deliver filename that was under processing -->
    <suppress checks="IllegalCatch"
              files="Checker.java"
              lines="279"/>

    <!-- we can not change it as, Check name is part of API (used in configurations) -->
    <suppress checks="AbbreviationAsWordInName"
              files="JavaNCSSCheck.java"
              lines="41"/>
    <!-- test should be named as their main class -->
    <suppress checks="AbbreviationAsWordInName"
              files="JavaNCSSCheckTest.java"
              lines="42"/>

    <!-- we can not change it as, Check name is part of API (used in configurations) -->
    <suppress checks="AbbreviationAsWordInName"
              files="XMLLogger.java"
              lines="43"/>
    <!-- test should be named as their main class -->
    <suppress checks="AbbreviationAsWordInName"
              files="XMLLoggerTest.java"
              lines="48"/>

    <!-- we can not change it as, Check property is part of API (used in configurations) -->
    <suppress checks="AbbreviationAsWordInName"
              files="JavadocMethodCheck.java"
              lines="145,258"/>
    <!-- we can not change it as, Check property is part of API (used in configurations) -->
    <suppress checks="AbbreviationAsWordInName"
              files="SuppressWithNearbyCommentFilter.java"
              lines="97,183"/>
    <!-- we can not change it as, Check property is part of API (used in configurations) -->
    <suppress checks="AbbreviationAsWordInName"
              files="SuppressionCommentFilter.java"
              lines="85,172"/>

    <!-- should be removed at 7.0 version, we keep for some time to avoid braking compatibiilty -->
    <suppress checks="AbbreviationAsWordInName"
              files="CheckstyleAntTask.java"
              lines="230"/>

    <!-- should be removed at 7.0 version, we keep for some time to avoid braking compatibiilty -->
    <suppress checks="AbbreviationAsWordInName"
              files="AbstractComplexityCheck.java"
              lines="64"/>

    <!-- illegal words are part of Javadoc -->
    <suppress checks="TodoComment" files=".*TodoCommentCheck\.java"/>

    <!-- All disallowed characters are stored there -->
    <suppress checks="AvoidEscapedUnicodeCharactersCheck"
              files="AvoidEscapedUnicodeCharactersCheck.java"/>

    <!-- Can not change API -->
    <suppress checks="AbstractClassNameCheck"
              files="Check.java"/>

    <!-- 'Abstract' pattern is used to show it is checking for abstract class name -->
    <suppress checks="AbstractClassNameCheck"
              files="AbstractClassNameCheck.java"/>
    <!-- test should be named as their main class -->
    <suppress checks="AbstractClassNameCheck"
              files="AbstractClassNameCheckTest.java|AbstractTypeAwareCheckTest.java|AbstractJavadocCheckTest.java|AbstractViolationReporterTest.java"/>

    <!-- Tone down the checking for test code -->
    <suppress checks="CyclomaticComplexity" files="[\\/]XDocsPagesTest\.java" lines="298"/>
    <suppress checks="IllegalCatch" files="[\\/]internal[\\/]\w+Util\.java"/>
    <suppress checks="EmptyBlock" files=".*[\\/]src[\\/]test[\\/]"/>
    <suppress checks="ImportControl" files=".*[\\/]src[\\/](test|it)[\\/]"/>
    <suppress checks="Javadoc" files=".*[\\/]src[\\/](test|it)[\\/]"/>
    <suppress checks="MagicNumber" files=".*[\\/]src[\\/](test|it)[\\/]"/>
    <suppress checks="AvoidStaticImport" files=".*[\\/]src[\\/](test|it)[\\/]"/>
    <suppress checks="MethodCount" files="[\\/]ImportOrderCheckTest.java$"/>
    <suppress checks="MethodCount" files="[\\/]IndentationCheckTest.java$"/>
    <suppress checks="MethodCount" files="[\\/]JavadocMethodCheckTest.java$"/>
    <suppress checks="MethodCount" files="[\\/]MainTest.java$"/>
    <suppress checks="EqualsAvoidNull" files="[\\/]Int.*FilterTest.java$"/>
    <suppress checks="VisibilityModifier" files="[\\/]BaseCheckTestSupport.java$"/>
    <suppress checks="WriteTag" files=".*[\\/]src[\\/](test|it)[\\/]"/>

    <!--Classes FileDrop, Main, ParseTreeInfoPanel from gui-package contain Magic Numbers.
    The Check generates too many violations, fixing them will make code unmanageable.-->
    <suppress checks="MagicNumber" files=".*[\\/]checkstyle[\\/]gui[\\/]"/>

    <!-- Methods that build fake AST are very long-->
    <suppress checks="MethodLength" files="src[\\/]test[\\/]java[\\/]com[\\/]puppycrawl[\\/]tools[\\/]checkstyle[\\/]grammars[\\/]comments[\\/]CommentsTest\.java"/>
    <suppress checks="ExecutableStatementCount" files="src[\\/]test[\\/]java[\\/]com[\\/]puppycrawl[\\/]tools[\\/]checkstyle[\\/]grammars[\\/]comments[\\/]CommentsTest\.java"/>
    <suppress checks="JavaNCSS" files="src[\\/]test[\\/]java[\\/]com[\\/]puppycrawl[\\/]tools[\\/]checkstyle[\\/]grammars[\\/]comments[\\/]CommentsTest\.java"/>

    <suppress checks="." files=".*JavadocTokenTypes\.java"/>
    <suppress checks="." files=".*ParseTreeBuilder\.java"/>

    <!-- Till https://github.com/checkstyle/checkstyle/issues/1854 -->
    <suppress checks="TrailingComment" files="(InnerAssignmentCheck\.java|OperatorWrapCheck\.java|XMLLoggerTest\.java|AbbreviationAsWordInNameCheckTest\.java)"/>

    <!-- Fixing these cases will decrease code readability -->
    <suppress checks="MultipleStringLiterals" files="JavadocStyleCheck\.java|AbstractTypeAwareCheck\.java|XMLLogger\.java"/>
    <suppress checks="MultipleStringLiterals" files=".*[\\/]src[\\/](test|it)[\\/]"/>

    <!-- There are a lot of setters/getters in the Check. A small number of methods is left for Check's logic -->
    <suppress checks="MethodCount" files="[\\/]JavadocMethodCheck.java$"/>

    <!-- getDetails() method - huge Switch, it has to be monolithic -->
    <suppress checks="ExecutableStatementCount" files="RightCurlyCheck\.java" lines="317"/>
    <suppress checks="JavaNCSS" files="RightCurlyCheck\.java" lines="317"/>
    <suppress checks="CyclomaticComplexity" files="RightCurlyCheck\.java" lines="317"/>

    <!-- we need that set of converters -->
    <suppress checks="ClassDataAbstractionCoupling" files="AutomaticBean\.java"/>
    <!-- they are aggregators of logic, usage a several of classes are ok -->
    <suppress checks="ClassDataAbstractionCoupling" files="(Checker|TreeWalker|Main|CheckstyleAntTask|AbstractJavadocCheck)\.java"/>
    <suppress checks="ClassDataAbstractionCoupling" files="(CheckerTest|TreeWalkerTest|BaseCheckTestSupport|XDocsPagesTest)\.java"/>
    <!-- a lot of GUI elements is OK -->
    <suppress checks="ClassDataAbstractionCoupling" files="ParseTreeInfoPanel\.java"/>

    <!-- Should be fixed after moving https://github.com/sevntu-checkstyle/sevntu.checkstyle/blob/master/sevntu-checks/src/main/java/com/github/sevntu/checkstyle/checks/coding/ReturnCountExtendedCheck.java into the main repo -->
    <suppress checks="ReturnCount" files="(ClassResolver|ConfigurationLoader|IndentationCheckTest)\.java"/>
    
    <!-- Just big switches. Cannot be split to several methods. Till https://github.com/checkstyle/checkstyle/issues/2029 -->
    <suppress checks="CyclomaticComplexity" files="(AbstractDeclarationCollector|RequireThisCheck|SuppressWarningsHolder|LeftCurlyCheck|FallThroughCheck|FinalLocalVariableCheck|ModifiedControlVariableCheck)\.java"/>
    <suppress checks="CyclomaticComplexity" files="(ParameterAssignmentCheck|VariableDeclarationUsageDistanceCheck|BooleanExpressionComplexityCheck|NPathComplexityCheck|CheckUtils)\.java"/>

    <!-- Suppressions from PMD configuration-->
    <!-- validateCli is not reasonable to split as encapsulation of logic will be damaged -->
    <suppress checks="CyclomaticComplexity" files="Main\.java"  lines="169"/>
    <!-- JavadocMethodCheck, JavadocStyleCheck, JavadocUtils.getJavadocTags() - deprecated -->
    <suppress checks="CyclomaticComplexity" files="JavadocMethodCheck\.java"/>
    <suppress checks="CyclomaticComplexity" files="JavadocStyleCheck\.java"/>
    <suppress checks="CyclomaticComplexity" files="CustomImportOrderCheck\.java"/>
    
    <!-- equals() - a lot of fields to check -->
    <suppress checks="CyclomaticComplexity" files="LocalizedMessage\.java" lines="210"/>
    <!-- SWITCH was transformed into IF-ELSE -->
    <suppress checks="CyclomaticComplexity" files="ImportOrderCheck\.java" lines="344"/>

    <!-- LocalizedMessage class is immutable, we need that amount of arguments. -->
    <suppress checks="ParameterNumber"
              files="LocalizedMessage.java"
              lines="105, 143, 174"/>
</suppressions>
